query_id,participant_id,source_excel_row,prompt_group,query_raw,self_reported_title,query_clean,cleanup_actions,content_review_status,candidate_movie_id,target_status,duplicate_cluster,screening_flags,final_eligibility,eligibility_reason,split
P001_G1,P001,2,1,Don’t leave me murph,Interstellar,Don’t leave me murph,,pending_human_verification,M_e513ad04054e,unverified,,short_query_review_only,,,
P001_G2,P001,2,2,Dad character do anything to get out 4D dimension,Interstellar,Dad character do anything to get out 4D dimension,,pending_human_verification,M_e513ad04054e,unverified,,,,,
P001_G3,P001,2,3,"The tsunami, Deep-Blue, Infinity sea",Interstellar,"The tsunami, Deep-Blue, Infinity sea",,pending_human_verification,M_e513ad04054e,unverified,,,,,
P002_G1,P002,3,1,i’m afraid of the dark,The Green Mile,i’m afraid of the dark,,pending_human_verification,M_d234400ca22b,unverified,,,,,
P002_G2,P002,3,2,"A innocent prisoner with power that can make anything’s hurt, sick or smth made them him",The Green Mile,"A innocent prisoner with power that can make anything’s hurt, sick or smth made them him",,pending_human_verification,M_d234400ca22b,unverified,,,,,
P002_G3,P002,3,3,"Night, Prison",The Green Mile,"Night, Prison",,pending_human_verification,M_d234400ca22b,unverified,,short_query_review_only,,,
P003_G1,P003,4,1,"Gentleman, that's a very sad thing to be nothing",12 Angry Men,"Gentleman, that's a very sad thing to be nothing",,pending_human_verification,M_3ab866882388,unverified,,,,,
P003_G2,P003,4,2,Twelve men gather to decide the fate of a boy which believed to be the victim.,12 Angry Men,Twelve men gather to decide the fate of a boy which believed to be the victim.,,pending_human_verification,M_3ab866882388,unverified,,,,,
P003_G3,P003,4,3,Jurror 8 shocks the room by stabbing an identical switchblade into the table.,12 Angry Men,Jurror 8 shocks the room by stabbing an identical switchblade into the table.,,pending_human_verification,M_3ab866882388,unverified,,,,,
P004_G1,P004,5,1,"If you run, the beast catches you; if you stay, the beast eats you.",City Of God,"If you run, the beast catches you; if you stay, the beast eats you.",,pending_human_verification,M_32e351738d20,unverified,DUP001,,,,
P004_G2,P004,5,2,A young photographer uses his camera lens to escape the violent rise of a ruthless drug lord and the decade-spanning gang wars consuming Rio's favelas.,City Of God,A young photographer uses his camera lens to escape the violent rise of a ruthless drug lord and the decade-spanning gang wars consuming Rio's favelas.,,pending_human_verification,M_32e351738d20,unverified,,,,,
P004_G3,P004,5,3,"A chicken frantically dodges captors through narrow, dust-choked alleys of a sun-bleached orange favela, where a loaded gun barrel points directly into a camera lens.",City Of God,"A chicken frantically dodges captors through narrow, dust-choked alleys of a sun-bleached orange favela, where a loaded gun barrel points directly into a camera lens.",,pending_human_verification,M_32e351738d20,unverified,,,,,
P005_G1,P005,6,1,I just wanted you to fight for me! That's all I ever wanted!,Real Steel,I just wanted you to fight for me! That's all I ever wanted!,,pending_human_verification,M_710e125531c3,unverified,,,,,
P005_G2,P005,6,2,A washed-up former boxer and his estranged son rebuild an obsolete sparring bot into a championship boxing contender.,Real Steel,A washed-up former boxer and his estranged son rebuild an obsolete sparring bot into a championship boxing contender.,,pending_human_verification,M_710e125531c3,unverified,,,,,
P005_G3,P005,6,3,"A boy pulls a glowing, mud-covered robot out of scrap metal on a rainy night.",Real Steel,"A boy pulls a glowing, mud-covered robot out of scrap metal on a rainy night.",,pending_human_verification,M_710e125531c3,unverified,,,,,
P006_G1,P006,7,1,We were born into a world at war. Between the monsters that destroyed our cities and the monsters we created to stop them,Pacific Rim: Uprising,We were born into a world at war. Between the monsters that destroyed our cities and the monsters we created to stop them,,pending_human_verification,M_4d03c10f862a,unverified,,,,,
P006_G2,P006,7,2,A group of young pilots pilot giant fighting robots to battle a new alien monster threat destroying cities across the world.,Pacific Rim: Uprising,A group of young pilots pilot giant fighting robots to battle a new alien monster threat destroying cities across the world.,,pending_human_verification,M_4d03c10f862a,unverified,,,,,
P006_G3,P006,7,3,a giant robot is fighting with a monster,Pacific Rim: Uprising,a giant robot is fighting with a monster,,pending_human_verification,M_4d03c10f862a,unverified,,,,,
P007_G1,P007,8,1,"you mustn't be afraid to dream a little bigger, darling.",Inception,"you mustn't be afraid to dream a little bigger, darling.",,pending_human_verification,M_16fdfdc5ebe4,unverified,DUP002,,,,
P007_G2,P007,8,2,A team of dream thieves enters targets' minds through layered shared dreams to plant an idea instead of stealing one.,Inception,A team of dream thieves enters targets' minds through layered shared dreams to plant an idea instead of stealing one.,,pending_human_verification,M_16fdfdc5ebe4,unverified,,,,,
P007_G3,P007,8,3,A small metal spinning top twirls endlessly on a wooden table without wobbling.,Inception,A small metal spinning top twirls endlessly on a wooden table without wobbling.,,pending_human_verification,M_16fdfdc5ebe4,unverified,,,,,
P008_G1,P008,9,1,You know what kind of plan never fails? No plan at all.,Parasite,You know what kind of plan never fails? No plan at all.,,pending_human_verification,M_67f2ddb503c9,unverified,,,,,
P008_G2,P008,9,2,"A destitute family deceptively infiltrates a wealthy household by posing as qualified workers, leading to unexpected chaos.",Parasite,"A destitute family deceptively infiltrates a wealthy household by posing as qualified workers, leading to unexpected chaos.",,pending_human_verification,M_67f2ddb503c9,unverified,,,,,
P008_G3,P008,9,3,"Three soaked figures rush down a never-ending staircase in the pouring rain, descending from the rich neighborhood to the slums.",Parasite,"Three soaked figures rush down a never-ending staircase in the pouring rain, descending from the rich neighborhood to the slums.",,pending_human_verification,M_67f2ddb503c9,unverified,,,,,
P009_G1,P009,10,1,I'm gonna make him an offer he can't refuse.,The Godfather,I'm gonna make him an offer he can't refuse.,,pending_human_verification,M_77d9cf161b98,unverified,DUP003,,,,
P009_G2,P009,10,2,The reluctant youngest son of a powerful mafia family gets drawn into the underworld and evolves into a ruthless mob boss after his father is targeted.,The Godfather,The reluctant youngest son of a powerful mafia family gets drawn into the underworld and evolves into a ruthless mob boss after his father is targeted.,,pending_human_verification,M_77d9cf161b98,unverified,,,,,
P009_G3,P009,10,3,an olde man with a black vest is smoking sigar,The Godfather,an olde man with a black vest is smoking sigar,,pending_human_verification,M_77d9cf161b98,unverified,,,,,
P010_G1,P010,11,1,"There is light, and there is ash.",Avatar: Fire and Ash,"There is light, and there is ash.",,pending_human_verification,M_6006905c6270,unverified,,,,,
P010_G2,P010,11,2,"An alien family faces a brutal, fire-worshipping native clan while continuing their fight against human colonizers on an exotic moon.",Avatar: Fire and Ash,"An alien family faces a brutal, fire-worshipping native clan while continuing their fight against human colonizers on an exotic moon.",,pending_human_verification,M_6006905c6270,unverified,,,,,
P010_G3,P010,11,3,"sh-covered, blue-skinned warriors brandish weapons around glowing red lava rivers beneath a sky filled with volcanic smoke.",Avatar: Fire and Ash,"sh-covered, blue-skinned warriors brandish weapons around glowing red lava rivers beneath a sky filled with volcanic smoke.",,pending_human_verification,M_6006905c6270,unverified,,,,,
P011_G1,P011,12,1,"You either die a hero, or you live long enough to see yourself become the villain.",The Dark Knight,"You either die a hero, or you live long enough to see yourself become the villain.",,pending_human_verification,M_2acb1196a991,unverified,,,,,
P011_G2,P011,12,2,A masked vigilante battles a psychopathic clown mastermind who plunges a corrupt city into absolute moral and physical chaos.,The Dark Knight,A masked vigilante battles a psychopathic clown mastermind who plunges a corrupt city into absolute moral and physical chaos.,,pending_human_verification,M_2acb1196a991,unverified,,,,,
P011_G3,P011,12,3,"A caped figure stands brooding on the ledge of a dark skyscraper looking over a sprawling, rainy metropolis at night.",The Dark Knight,"A caped figure stands brooding on the ledge of a dark skyscraper looking over a sprawling, rainy metropolis at night.",,pending_human_verification,M_2acb1196a991,unverified,,,,,
P012_G1,P012,13,1,Hakuna Matata,The Lion King,Hakuna Matata,,pending_human_verification,M_3f5c95a88181,unverified,,short_query_review_only,,,
P012_G2,P012,13,2,"A young lion runs away after his evil uncle kills his father. When he grows up, he comes back to fight the uncle and become king",The Lion King,"A young lion runs away after his evil uncle kills his father. When he grows up, he comes back to fight the uncle and become king",,pending_human_verification,M_3f5c95a88181,unverified,,,,,
P012_G3,P012,13,3,"An old monkey lifting a baby lion on a high cliff under a red sunrise, with all animals bowing below",The Lion King,"An old monkey lifting a baby lion on a high cliff under a red sunrise, with all animals bowing below",,pending_human_verification,M_3f5c95a88181,unverified,,,,,
P013_G1,P013,14,1,"Unfortunately, no one can be told what the Matrix is. You have to see it for yourself.",The Matrix,"Unfortunately, no one can be told what the Matrix is. You have to see it for yourself.",,pending_human_verification,M_603c8ea52814,unverified,,explicit_target_title,,,
P013_G2,P013,14,2,A computer programmer discovers humanity is trapped inside a simulated reality controlled by machines and joins a rebellion to free mankind.,The Matrix,A computer programmer discovers humanity is trapped inside a simulated reality controlled by machines and joins a rebellion to free mankind.,,pending_human_verification,M_603c8ea52814,unverified,,,,,
P013_G3,P013,14,3,"A red pill and a blue pill rest on two open palms, reflecting clearly in the rimless dark sunglasses of an enigmatic man.",The Matrix,"A red pill and a blue pill rest on two open palms, reflecting clearly in the rimless dark sunglasses of an enigmatic man.",,pending_human_verification,M_603c8ea52814,unverified,,,,,
P014_G1,P014,15,1,"Here’s looking at you, kid.",Casablanca,"Here’s looking at you, kid.",,pending_human_verification,M_3660318ecc14,unverified,,,,,
P014_G2,P014,15,2,A nightclub owner is reunited with a former lover who needs his help to escape the city with her husband.,Casablanca,A nightclub owner is reunited with a former lover who needs his help to escape the city with her husband.,,pending_human_verification,M_3660318ecc14,unverified,,,,,
P014_G3,P014,15,3,"A smoky black-and-white nightclub filled with people, dim lights, elegant suits and a mysterious wartime atmosphere.",Casablanca,"A smoky black-and-white nightclub filled with people, dim lights, elegant suits and a mysterious wartime atmosphere.",,pending_human_verification,M_3660318ecc14,unverified,,,,,
P015_G1,P015,16,1,A boy’s best friend is his mother.,Psycho,A boy’s best friend is his mother.,,pending_human_verification,M_24281f3f73ab,unverified,,,,,
P015_G2,P015,16,2,"A young woman steals money and hides at a remote motel, where strange events happen and a mysterious owner lives with his mother.",Psycho,"A young woman steals money and hides at a remote motel, where strange events happen and a mysterious owner lives with his mother.",,pending_human_verification,M_24281f3f73ab,unverified,,,,,
P015_G3,P015,16,3,"A lonely old house standing on a hill above a dark motel, surrounded by an eerie and gloomy atmosphere.",Psycho,"A lonely old house standing on a hill above a dark motel, surrounded by an eerie and gloomy atmosphere.",,pending_human_verification,M_24281f3f73ab,unverified,,,,,
P016_G1,P016,17,1,I am the Half-Blood Prince.,Harry Potter and the Half-Blood Prince,I am the Half-Blood Prince.,,pending_human_verification,M_e5e13e51db56,unverified,,,,,
P016_G2,P016,17,2,A young wizard discovers an old textbook with mysterious notes while his school prepares for a dangerous battle against a dark enemy.,Harry Potter and the Half-Blood Prince,A young wizard discovers an old textbook with mysterious notes while his school prepares for a dangerous battle against a dark enemy.,,pending_human_verification,M_e5e13e51db56,unverified,,,,,
P016_G3,P016,17,3,"A dark magical castle surrounded by mist, with students walking through candlelit stone corridors at night.",Harry Potter and the Half-Blood Prince,"A dark magical castle surrounded by mist, with students walking through candlelit stone corridors at night.",,pending_human_verification,M_e5e13e51db56,unverified,,,,,
P017_G1,P017,18,1,I hope to see my friend and shake his hand. I hope.,The Shawshank Redemption,I hope to see my friend and shake his hand. I hope.,,pending_human_verification,M_89f662021395,unverified,,,,,
P017_G2,P017,18,2,"A wrongfully convicted banker survives decades of brutal prison life through patience, hope, and an extraordinary secret escape plan.",The Shawshank Redemption,"A wrongfully convicted banker survives decades of brutal prison life through patience, hope, and an extraordinary secret escape plan.",,pending_human_verification,M_89f662021395,unverified,,,,,
P017_G3,P017,18,3,"A group of exhausted inmates sit resting on a black tar rooftop, sharing cold bottles of beer under the warm afternoon sun.",The Shawshank Redemption,"A group of exhausted inmates sit resting on a black tar rooftop, sharing cold bottles of beer under the warm afternoon sun.",,pending_human_verification,M_89f662021395,unverified,,,,,
P018_G1,P018,19,1,"Frankly, my dear, I don't give a damn",Gone with the Wind,"Frankly, my dear, I don't give a damn",,pending_human_verification,M_8ee2c71d9612,unverified,,,,,
P018_G2,P018,19,2,A rich southern girl tries to survive the civil war and chases a man she can't have,Gone with the Wind,A rich southern girl tries to survive the civil war and chases a man she can't have,,pending_human_verification,M_8ee2c71d9612,unverified,,,,,
P018_G3,P018,19,3,A burning city with massive orange flames and black smoke against the night sky,Gone with the Wind,A burning city with massive orange flames and black smoke against the night sky,,pending_human_verification,M_8ee2c71d9612,unverified,,,,,
P019_G1,P019,20,1,"Once again, I must ask too much of you, Harry",Harry Potter and the Half-Blood Prince,"Once again, I must ask too much of you, Harry",,pending_human_verification,M_e5e13e51db56,unverified,,,,,
P019_G2,P019,20,2,A teenage wizard learns about his enemy's dark past while trying to survive his sixth year at school,Harry Potter and the Half-Blood Prince,A teenage wizard learns about his enemy's dark past while trying to survive his sixth year at school,,pending_human_verification,M_e5e13e51db56,unverified,,,,,
P019_G3,P019,20,3,An old wizard making a huge wave of bright fire to fight off pale zombies in a dark,Harry Potter and the Half-Blood Prince,An old wizard making a huge wave of bright fire to fight off pale zombies in a dark,,pending_human_verification,M_e5e13e51db56,unverified,,,,,
P020_G1,P020,21,1,I don't have to defend my decisions to you!,12 Angry Men,I don't have to defend my decisions to you!,,pending_human_verification,M_3ab866882388,unverified,,,,,
P020_G2,P020,21,2,Twelve jurors locked in a deliberation room clash fiercely as one lone dissenter questions the murder case against a teenage boy.,12 Angry Men,Twelve jurors locked in a deliberation room clash fiercely as one lone dissenter questions the murder case against a teenage boy.,,pending_human_verification,M_3ab866882388,unverified,,,,,
P020_G3,P020,21,3,A man pulls out an identical switchblade knife and stabs it directly into the wooden table before the stunned jurors.,12 Angry Men,A man pulls out an identical switchblade knife and stabs it directly into the wooden table before the stunned jurors.,,pending_human_verification,M_3ab866882388,unverified,,,,,
P021_G1,P021,22,1,The farmers are the winners,Seven Samurai,The farmers are the winners,,pending_human_verification,M_3a5c6a992847,unverified,,,,,
P021_G2,P021,22,2,A poor farming village hires a group of wandering warriors to protect them from bandits,Seven Samurai,A poor farming village hires a group of wandering warriors to protect them from bandits,,pending_human_verification,M_3a5c6a992847,unverified,,,,,
P021_G3,P021,22,3,Warriors fighting bandits with swords in the heavy rain and deep mud of a poor village,Seven Samurai,Warriors fighting bandits with swords in the heavy rain and deep mud of a poor village,,pending_human_verification,M_3a5c6a992847,unverified,,,,,
P022_G1,P022,23,1,Once you have met someone you never really forget them,Spirited Away,Once you have met someone you never really forget them,,pending_human_verification,M_c8e063198718,unverified,,,,,
P022_G2,P022,23,2,A young girl gets trapped in a spirit world and has to work in a bathhouse to save her pig parents,Spirited Away,A young girl gets trapped in a spirit world and has to work in a bathhouse to save her pig parents,,pending_human_verification,M_c8e063198718,unverified,,,,,
P022_G3,P022,23,3,A boy holding a young girl's hand tightly to protect her while running across a red bridge full of strange spirits,Spirited Away,A boy holding a young girl's hand tightly to protect her while running across a red bridge full of strange spirits,,pending_human_verification,M_c8e063198718,unverified,,,,,
P023_G1,P023,24,1,I'm gonna make him an offer he can't refuse,The Godfather,I'm gonna make him an offer he can't refuse,,pending_human_verification,M_77d9cf161b98,unverified,DUP003,,,,
P023_G2,P023,24,2,"Determined to protect his family, Michael Corleone eliminates his enemies and orchestrates a brutal purge to consolidate his absolute power as the new Godfather",The Godfather,"Determined to protect his family, Michael Corleone eliminates his enemies and orchestrates a brutal purge to consolidate his absolute power as the new Godfather",,pending_human_verification,M_77d9cf161b98,unverified,,,,,
P023_G3,P023,24,3,"Don Vito's dimly lit office, where harsh window blinds cut through the heavy shadows to shroud his eyes in darkness, creating a chilling contrast with the bright, sun-drenched wedding outside.",The Godfather,"Don Vito's dimly lit office, where harsh window blinds cut through the heavy shadows to shroud his eyes in darkness, creating a chilling contrast with the bright, sun-drenched wedding outside.",,pending_human_verification,M_77d9cf161b98,unverified,,,,,
P024_G1,P024,25,1,she is nice because she is rich,Parasite,she is nice because she is rich,,pending_human_verification,M_67f2ddb503c9,unverified,,,,,
P024_G2,P024,25,2,a poor family tricks their way into working for a very rich family but things go completely wrong,Parasite,a poor family tricks their way into working for a very rich family but things go completely wrong,,pending_human_verification,M_67f2ddb503c9,unverified,,,,,
P024_G3,P024,25,3,dirty water flooding a poor basement house while the rich family's huge green lawn stays perfect in the rain,Parasite,dirty water flooding a poor basement house while the rich family's huge green lawn stays perfect in the rain,,pending_human_verification,M_67f2ddb503c9,unverified,,,,,
P025_G1,P025,26,1,Come with me if you want to live.,Terminator 2: Judgment Day,Come with me if you want to live.,,pending_human_verification,M_e05c40bbc943,unverified,,,,,
P025_G2,P025,26,2,"A reprogrammed cyborg is sent from the future to protect a rebellious young boy from an advanced, shape-shifting liquid metal assassin.",Terminator 2: Judgment Day,"A reprogrammed cyborg is sent from the future to protect a rebellious young boy from an advanced, shape-shifting liquid metal assassin.",,pending_human_verification,M_e05c40bbc943,unverified,,,,,
P025_G3,P025,26,3,"A metal cybernetic arm slowly sinks into glowing molten steel, giving a final thumbs-up gesture before disappearing.",Terminator 2: Judgment Day,"A metal cybernetic arm slowly sinks into glowing molten steel, giving a final thumbs-up gesture before disappearing.",,pending_human_verification,M_e05c40bbc943,unverified,,,,,
P026_G1,P026,27,1,earn this,Saving Private Ryan,earn this,,pending_human_verification,M_29afa9249ba2,unverified,,short_query_review_only,,,
P026_G2,P026,27,2,a group of tired soldiers walk across a war zone to find one man and send him home after his brothers die,Saving Private Ryan,a group of tired soldiers walk across a war zone to find one man and send him home after his brothers die,,pending_human_verification,M_29afa9249ba2,unverified,,,,,
P026_G3,P026,27,3,soldiers crawling in bloody water on a grey beach while bullets splash loudly all around them,Saving Private Ryan,soldiers crawling in bloody water on a grey beach while bullets splash loudly all around them,,pending_human_verification,M_29afa9249ba2,unverified,,,,,
P027_G1,P027,28,1,"Heroes are made by the paths they choose, not the powers they are graced with.",Iron Man 3,"Heroes are made by the paths they choose, not the powers they are graced with.",,pending_human_verification,M_447a6f05e6e4,unverified,,,,,
P027_G2,P027,28,2,A superhero battles a terrorist who can manipulate a powerful experimental technology.,Iron Man 3,A superhero battles a terrorist who can manipulate a powerful experimental technology.,,pending_human_verification,M_447a6f05e6e4,unverified,,,,,
P027_G3,P027,28,3,Dozens of armored suits light up the night sky as they fly into battle.,Iron Man 3,Dozens of armored suits light up the night sky as they fly into battle.,,pending_human_verification,M_447a6f05e6e4,unverified,,,,,
P028_G1,P028,29,1,There is no spoon.,The Matrix,There is no spoon.,,pending_human_verification,M_603c8ea52814,unverified,,short_query_review_only,,,
P028_G2,P028,29,2,A computer hacker discovers that his reality is an artificial simulation and joins a rebellion against its creators.,The Matrix,A computer hacker discovers that his reality is an artificial simulation and joins a rebellion against its creators.,,pending_human_verification,M_603c8ea52814,unverified,,,,,
P028_G3,P028,29,3,"A dark futuristic city filled with green digital code, where people move through a simulated reality.",The Matrix,"A dark futuristic city filled with green digital code, where people move through a simulated reality.",,pending_human_verification,M_603c8ea52814,unverified,,,,,
P029_G1,P029,30,1,Remember who you are.,The Lion King,Remember who you are.,,pending_human_verification,M_3f5c95a88181,unverified,,short_query_review_only,,,
P029_G2,P029,30,2,A young lion must overcome loss and return home to reclaim his rightful place as king.,The Lion King,A young lion must overcome loss and return home to reclaim his rightful place as king.,,pending_human_verification,M_3f5c95a88181,unverified,,,,,
P029_G3,P029,30,3,A young lion stands alone on a vast rocky cliff as the golden sun rises over the African savanna.,The Lion King,A young lion stands alone on a vast rocky cliff as the golden sun rises over the African savanna.,,pending_human_verification,M_3f5c95a88181,unverified,,,,,
P030_G1,P030,31,1,We create our own demons.,Iron Man 3,We create our own demons.,,pending_human_verification,M_447a6f05e6e4,unverified,,,,,
P030_G2,P030,31,2,An eccentric inventor builds an army of remote-controlled suits to save his lover and defeat a terrorist mastermind after his home is destroyed.,Iron Man 3,An eccentric inventor builds an army of remote-controlled suits to save his lover and defeat a terrorist mastermind after his home is destroyed.,,pending_human_verification,M_447a6f05e6e4,unverified,,,,,
P030_G3,P030,31,3,"Dozens of glowing, armored suits fly through the dark night air above an illuminated harbor crane setup to fight superheated, orange-glowing soldiers.",Iron Man 3,"Dozens of glowing, armored suits fly through the dark night air above an illuminated harbor crane setup to fight superheated, orange-glowing soldiers.",,pending_human_verification,M_447a6f05e6e4,unverified,,,,,
P031_G1,P031,32,1,"​Life is like a box of chocolates, you never know what you're gonna get",Forrest Gump,"Life is like a box of chocolates, you never know what you're gonna get",remove_invisible_format_chars,pending_human_verification,M_c1447a5f1fdd,unverified,,,,,
P031_G2,P031,32,2,"A kind-hearted man with a low IQ inadvertently witnesses and influences major historical events, all while longing to reunite with his childhood sweetheart.",Forrest Gump,"A kind-hearted man with a low IQ inadvertently witnesses and influences major historical events, all while longing to reunite with his childhood sweetheart.",,pending_human_verification,M_c1447a5f1fdd,unverified,,,,,
P031_G3,P031,32,3,"A man in a light-colored suit sits on a bus stop bench with a box of chocolates on his lap, chatting with a stranger as a white feather drifts by.",Forrest Gump,"A man in a light-colored suit sits on a bus stop bench with a box of chocolates on his lap, chatting with a stranger as a white feather drifts by.",,pending_human_verification,M_c1447a5f1fdd,unverified,,,,,
P032_G1,P032,33,1,It’s not easy to stand alone against the ridicule of others.,12 Angry Men,It’s not easy to stand alone against the ridicule of others.,,pending_human_verification,M_3ab866882388,unverified,,,,,
P032_G2,P032,33,2,"Twelve jurors must decide the fate of a young man accused of murder, while one juror challenges the evidence.",12 Angry Men,"Twelve jurors must decide the fate of a young man accused of murder, while one juror challenges the evidence.",,pending_human_verification,M_3ab866882388,unverified,,,,,
P032_G3,P032,33,3,"Twelve men sit around a cramped jury room under harsh fluorescent lights, debating the fate of a young defendant.",12 Angry Men,"Twelve men sit around a cramped jury room under harsh fluorescent lights, debating the fate of a young defendant.",,pending_human_verification,M_3ab866882388,unverified,,,,,
P033_G1,P033,34,1,The world ain't no fairy tale,City Of God,The world ain't no fairy tale,,pending_human_verification,M_32e351738d20,unverified,,,,,
P033_G2,P033,34,2,Two boys grow up in a violent neighborhood where one becomes a photographer while the other rises to power through crime.,City Of God,Two boys grow up in a violent neighborhood where one becomes a photographer while the other rises to power through crime.,,pending_human_verification,M_32e351738d20,unverified,,,,,
P033_G3,P033,34,3,"Colorful yet gritty streets of a crowded Brazilian neighborhood filled with children, concrete houses, and armed gang members.",City Of God,"Colorful yet gritty streets of a crowded Brazilian neighborhood filled with children, concrete houses, and armed gang members.",,pending_human_verification,M_32e351738d20,unverified,,,,,
P034_G1,P034,35,1,"You mustn't be afraid to dream a little bigger, darling",Inception,"You mustn't be afraid to dream a little bigger, darling",,pending_human_verification,M_16fdfdc5ebe4,unverified,DUP002,,,,
P034_G2,P034,35,2,"A skilled thief enters people's dreams to steal secrets, but is given a dangerous mission to plant an idea instead",Inception,"A skilled thief enters people's dreams to steal secrets, but is given a dangerous mission to plant an idea instead",,pending_human_verification,M_16fdfdc5ebe4,unverified,,,,,
P034_G3,P034,35,3,A city street folds upward into the sky as two characters walk through a surreal dream world,Inception,A city street folds upward into the sky as two characters walk through a surreal dream world,,pending_human_verification,M_16fdfdc5ebe4,unverified,,,,,
P035_G1,P035,36,1,I am not a toy. I'm trash!,Toy Story 4,I am not a toy. I'm trash!,,pending_human_verification,M_348cb261fb24,unverified,,,,,
P035_G2,P035,36,2,"A loyal cowboy toy embarks on a road trip rescue mission for a child's handmade toy, leading him to rediscover his own independence.",Toy Story 4,"A loyal cowboy toy embarks on a road trip rescue mission for a child's handmade toy, leading him to rediscover his own independence.",,pending_human_verification,M_348cb261fb24,unverified,,,,,
P035_G3,P035,36,3,A massive Ferris wheel glows with dazzling neon colors over a bustling night carnival as hidden toys scurry across the walkways.,Toy Story 4,A massive Ferris wheel glows with dazzling neon colors over a bustling night carnival as hidden toys scurry across the walkways.,,pending_human_verification,M_348cb261fb24,unverified,,,,,
P036_G1,P036,37,1,"I love you forever, do you hear me? I love you forever, and I'm coming back.",Interstellar,"I love you forever, do you hear me? I love you forever, and I'm coming back.",,pending_human_verification,M_e513ad04054e,unverified,,,,,
P036_G2,P036,37,2,A former pilot leads an astronaut team through a cosmic wormhole to find a habitable new planet for dying humanity.,Interstellar,A former pilot leads an astronaut team through a cosmic wormhole to find a habitable new planet for dying humanity.,,pending_human_verification,M_e513ad04054e,unverified,,,,,
P036_G3,P036,37,3,A spacecraft plunges into a black hole.,Interstellar,A spacecraft plunges into a black hole.,,pending_human_verification,M_e513ad04054e,unverified,,,,,
P037_G1,P037,38,1,Love is the one thing that transcends time and space.,Interstellar,Love is the one thing that transcends time and space.,,pending_human_verification,M_e513ad04054e,unverified,,,,,
P037_G2,P037,38,2,"A father embarks on a dangerous space mission to save humanity, knowing that extreme time dilation might prevent him from ever seeing his children again.",Interstellar,"A father embarks on a dangerous space mission to save humanity, knowing that extreme time dilation might prevent him from ever seeing his children again.",,pending_human_verification,M_e513ad04054e,unverified,,,,,
P037_G3,P037,38,3,"A pitch-black sphere encircled by a blazing, warping golden ring of glowing accretion gas against deep space.",Interstellar,"A pitch-black sphere encircled by a blazing, warping golden ring of glowing accretion gas against deep space.",,pending_human_verification,M_e513ad04054e,unverified,,,,,
P038_G1,P038,39,1,"I'm not a smart man, but I know what love is",Forrest Gump,"I'm not a smart man, but I know what love is",,pending_human_verification,M_c1447a5f1fdd,unverified,,,,,
P038_G2,P038,39,2,A simple-minded man sits on a bus stop bench sharing the unbelievable adventures of his extraordinary life with strangers.,Forrest Gump,A simple-minded man sits on a bus stop bench sharing the unbelievable adventures of his extraordinary life with strangers.,,pending_human_verification,M_c1447a5f1fdd,unverified,,,,,
P038_G3,P038,39,3,A young woman wades through the National Mall reflecting pool to embrace an army soldier surrounded by peace demonstrators.,Forrest Gump,A young woman wades through the National Mall reflecting pool to embrace an army soldier surrounded by peace demonstrators.,,pending_human_verification,M_c1447a5f1fdd,unverified,,,,,
P039_G1,P039,40,1,There has been an awakening. Have you felt it?,Star Wars: The Force Awakens,There has been an awakening. Have you felt it?,,pending_human_verification,M_86d6dcb530f9,unverified,,,,,
P039_G2,P039,40,2,A lonely desert scavenger discovers her innate mystical powers and teams up with a runaway soldier to battle a rising dark galactic regime.,Star Wars: The Force Awakens,A lonely desert scavenger discovers her innate mystical powers and teams up with a runaway soldier to battle a rising dark galactic regime.,,pending_human_verification,M_86d6dcb530f9,unverified,,,,,
P039_G3,P039,40,3,"A solitary girl slides down a massive sand dune beside the rusted, colossal ruins of a crashed starship in an endless desert.",Star Wars: The Force Awakens,"A solitary girl slides down a massive sand dune beside the rusted, colossal ruins of a crashed starship in an endless desert.",,pending_human_verification,M_86d6dcb530f9,unverified,,,,,
P040_G1,P040,41,1,"The greatest teacher, failure is.",Star Wars: Episode VIII - The Last Jedi,"The greatest teacher, failure is.",,pending_human_verification,M_188d35f2a18d,unverified,,,,,
P040_G2,P040,41,2,"A young force-sensitive woman seeks training from an isolated, bitter master while a dwindling resistance fleet struggles to escape relentless pursuit by a tyrannical regime.",Star Wars: Episode VIII - The Last Jedi,"A young force-sensitive woman seeks training from an isolated, bitter master while a dwindling resistance fleet struggles to escape relentless pursuit by a tyrannical regime.",,pending_human_verification,M_188d35f2a18d,unverified,,,,,
P040_G3,P040,41,3,Two warriors battle a squad of elite guards in crimson armor inside a minimalist throne room draped in bright red fabric.,Star Wars: Episode VIII - The Last Jedi,Two warriors battle a squad of elite guards in crimson armor inside a minimalist throne room draped in bright red fabric.,,pending_human_verification,M_188d35f2a18d,unverified,,,,,
P041_G1,P041,42,1,I can't remember.,The Godfather,I can't remember.,,pending_human_verification,M_77d9cf161b98,unverified,,possible_non_response;short_query_review_only,,,
P041_G2,P041,42,2,Quiet yet powerful.,The Godfather,Quiet yet powerful.,,pending_human_verification,M_77d9cf161b98,unverified,,short_query_review_only,,,
P041_G3,P041,42,3,The scene where the Godfather dies.,The Godfather,The scene where the Godfather dies.,,pending_human_verification,M_77d9cf161b98,unverified,,explicit_target_title,,,
P042_G1,P042,43,1,The fire of hate gives way to the ash of grief,Avatar: Fire and Ash,The fire of hate gives way to the ash of grief,,pending_human_verification,M_6006905c6270,unverified,,,,,
P042_G2,P042,43,2,"After storming off following a heated argument with his father, the main character's rebellious son unexpectedly returns during a tense negotiation with Payakan, the majestic species of the water region.",Avatar: Fire and Ash,"After storming off following a heated argument with his father, the main character's rebellious son unexpectedly returns during a tense negotiation with Payakan, the majestic species of the water region.",,pending_human_verification,M_6006905c6270,unverified,,,,,
P042_G3,P042,43,3,"That part was so gripping, like the whole place was dead silent and then out of nowhere, the giant red dragon just snapped its eyes open —it looked so amazing. Right behind it, a massive fire just exploded, dyeing the whole sky bright red.",Avatar: Fire and Ash,"That part was so gripping, like the whole place was dead silent and then out of nowhere, the giant red dragon just snapped its eyes open —it looked so amazing. Right behind it, a massive fire just exploded, dyeing the whole sky bright red.",,pending_human_verification,M_6006905c6270,unverified,,,,,
P043_G1,P043,44,1,I am half-blood prince. ,Harry Potter and the Half-Blood Prince,I am half-blood prince.,normalize_whitespace,pending_human_verification,M_e5e13e51db56,unverified,,short_query_review_only,,,
P043_G2,P043,44,2,A wizard study at Howgarts school,Harry Potter and the Half-Blood Prince,A wizard study at Howgarts school,,pending_human_verification,M_e5e13e51db56,unverified,,,,,
P043_G3,P043,44,3,"The old Potions textbook was filled with handwritten notes, improved formulas, and Dark spells penned by the ""Half-Blood Prince.""",Harry Potter and the Half-Blood Prince,"The old Potions textbook was filled with handwritten notes, improved formulas, and Dark spells penned by the ""Half-Blood Prince.""",,pending_human_verification,M_e5e13e51db56,unverified,,,,,
P044_G1,P044,45,1,"Remember your name, Chihiro",Spirited Away,"Remember your name, Chihiro",,pending_human_verification,M_c8e063198718,unverified,,short_query_review_only,,,
P044_G2,P044,45,2,tells the story of a 10-year-old girl journey into the spirit world to save her parents.,Spirited Away,tells the story of a 10-year-old girl journey into the spirit world to save her parents.,,pending_human_verification,M_c8e063198718,unverified,,,,,
P044_G3,P044,45,3,Chihiro and her parents moved to a new house but got lost in an abandoned town. Chihiro's parents ate the food of the gods without asking permission and were punished by turning into pigs.,Spirited Away,Chihiro and her parents moved to a new house but got lost in an abandoned town. Chihiro's parents ate the food of the gods without asking permission and were punished by turning into pigs.,,pending_human_verification,M_c8e063198718,unverified,,,,,
P045_G1,P045,46,1,"“It is the unknown we fear when we look upon death and darkness, nothing more.”",Harry Potter and the Half-Blood Prince,"“It is the unknown we fear when we look upon death and darkness, nothing more.”",,pending_human_verification,M_e5e13e51db56,unverified,,,,,
P045_G2,P045,46,2,A young wizard uncovers a dark secret about his enemy while preparing for an inevitable final battle,Harry Potter and the Half-Blood Prince,A young wizard uncovers a dark secret about his enemy while preparing for an inevitable final battle,,pending_human_verification,M_e5e13e51db56,unverified,,,,,
P045_G3,P045,46,3,"A dark, misty cave surrounds a black lake as ghostly Inferi rise from the water, creating a haunting blue-green atmosphere",Harry Potter and the Half-Blood Prince,"A dark, misty cave surrounds a black lake as ghostly Inferi rise from the water, creating a haunting blue-green atmosphere",,pending_human_verification,M_e5e13e51db56,unverified,,,,,
P046_G1,P046,47,1,"My armor was never a distraction or a hobby, it was a cocoon. And now, I'm a changed man.",Iron Man 3,"My armor was never a distraction or a hobby, it was a cocoon. And now, I'm a changed man.",,pending_human_verification,M_447a6f05e6e4,unverified,,,,,
P046_G2,P046,47,2,Tony Stark suffers from panic attacks and severe insomnia after the battle with the aliens.,Iron Man 3,Tony Stark suffers from panic attacks and severe insomnia after the battle with the aliens.,,pending_human_verification,M_447a6f05e6e4,unverified,,,,,
P046_G3,P046,47,3,The gathering of the Iron Legion.,Iron Man 3,The gathering of the Iron Legion.,,pending_human_verification,M_447a6f05e6e4,unverified,,,,,
P047_G1,P047,48,1,They are nice because they’re rich.,Parasite,They are nice because they’re rich.,,pending_human_verification,M_67f2ddb503c9,unverified,,,,,
P047_G2,P047,48,2,A poor family gradually infiltrates a wealthy household by taking over their domestic jobs,Parasite,A poor family gradually infiltrates a wealthy household by taking over their domestic jobs,,pending_human_verification,M_67f2ddb503c9,unverified,,,,,
P047_G3,P047,48,3,"A luxurious modern house contrasts with a cramped semi-basement apartment, highlighting the stark divide between rich and poor",Parasite,"A luxurious modern house contrasts with a cramped semi-basement apartment, highlighting the stark divide between rich and poor",,pending_human_verification,M_67f2ddb503c9,unverified,,,,,
P048_G1,P048,49,1,He's not lost. Not anymore.,Toy Story 4,He's not lost. Not anymore.,,pending_human_verification,M_348cb261fb24,unverified,,,,,
P048_G2,P048,49,2,"Woody struggles to protect Forky, an unlikely toy handmade by his young owner, Bonnie, from a discarded spork during a road trip. Along the way, Woody reunites with Bo Peep, the shepherdess who has been separated from the group for years and has chosen to live freely on her own.
",Toy Story 4,"Woody struggles to protect Forky, an unlikely toy handmade by his young owner, Bonnie, from a discarded spork during a road trip. Along the way, Woody reunites with Bo Peep, the shepherdess who has been separated from the group for years and has chosen to live freely on her own.",normalize_whitespace,pending_human_verification,M_348cb261fb24,unverified,,,,,
P048_G3,P048,49,3,"At a colorful carnival at sunset, Woody must choose between returning to his friends or staying with Bo Peep. After a heartfelt goodbye to Buzz and the others, he walks toward Bo Peep, beginning a new life of freedom.",Toy Story 4,"At a colorful carnival at sunset, Woody must choose between returning to his friends or staying with Bo Peep. After a heartfelt goodbye to Buzz and the others, he walks toward Bo Peep, beginning a new life of freedom.",,pending_human_verification,M_348cb261fb24,unverified,,,,,
P049_G1,P049,50,1,"The past can hurt. But the way I see it, you can either run from it, or learn from it.",The Lion King,"The past can hurt. But the way I see it, you can either run from it, or learn from it.",,pending_human_verification,M_3f5c95a88181,unverified,,,,,
P049_G2,P049,50,2,"A young lion cub must overcome the tragic loss of his father and the betrayal of his uncle to grow into adulthood, eventually returning to reclaim his rightful kingdom.",The Lion King,"A young lion cub must overcome the tragic loss of his father and the betrayal of his uncle to grow into adulthood, eventually returning to reclaim his rightful kingdom.",,pending_human_verification,M_3f5c95a88181,unverified,,,,,
P049_G3,P049,50,3,"The screen bursts from pitch black into brilliant deep red, burnt orange, and golden yellow hues as the sun breaks over the horizon. The striking light creates majestic, sharp silhouettes of acacia trees and wild animals trekking through the glowing dawn toward the towering rock formation.",The Lion King,"The screen bursts from pitch black into brilliant deep red, burnt orange, and golden yellow hues as the sun breaks over the horizon. The striking light creates majestic, sharp silhouettes of acacia trees and wild animals trekking through the glowing dawn toward the towering rock formation.",,pending_human_verification,M_3f5c95a88181,unverified,,,,,
P050_G1,P050,51,1,life is like a box of chocolates,Forrest Gump,life is like a box of chocolates,,pending_human_verification,M_c1447a5f1fdd,unverified,,,,,
P050_G2,P050,51,2,slow-witted but kind man accidentally becomes part of big historical events while loving just one girl ,Forrest Gump,slow-witted but kind man accidentally becomes part of big historical events while loving just one girl,normalize_whitespace,pending_human_verification,M_c1447a5f1fdd,unverified,,,,,
P050_G3,P050,51,3,a white feather floating down from the sky to land next to dirty running shoes on a park bench,Forrest Gump,a white feather floating down from the sky to land next to dirty running shoes on a park bench,,pending_human_verification,M_c1447a5f1fdd,unverified,,,,,
P051_G1,P051,52,1,To infinity and beyond,Toy Story 4,To infinity and beyond,,pending_human_verification,M_348cb261fb24,unverified,,short_query_review_only,,,
P051_G2,P051,52,2,A toy helps a new handmade toy find its purpose and decides to leave the group to start a new life.,Toy Story 4,A toy helps a new handmade toy find its purpose and decides to leave the group to start a new life.,,pending_human_verification,M_348cb261fb24,unverified,,,,,
P051_G3,P051,52,3,"Colorful toys travel through a carnival at night, surrounded by bright lights and colorful attractions.",Toy Story 4,"Colorful toys travel through a carnival at night, surrounded by bright lights and colorful attractions.",,pending_human_verification,M_348cb261fb24,unverified,,,,,
P052_G1,P052,53,1,elio elio elio oliver oliver oliver,Call Me by Your Name,elio elio elio oliver oliver oliver,,pending_human_verification,M_96ff93cd7483,unverified,,,,,
P052_G2,P052,53,2,"Two men fall in love, but one of them marries a woman.",Call Me by Your Name,"Two men fall in love, but one of them marries a woman.",,pending_human_verification,M_96ff93cd7483,unverified,,,,,
P052_G3,P052,53,3,Northern Italy — a peaceful countryside setting for a quiet summer romance.,Call Me by Your Name,Northern Italy — a peaceful countryside setting for a quiet summer romance.,,pending_human_verification,M_96ff93cd7483,unverified,,,,,
P053_G1,P053,54,1,Iron Man 3: Tony,Iron Man 3,Iron Man 3: Tony,,pending_human_verification,M_447a6f05e6e4,unverified,,short_query_review_only;explicit_target_title;manual_review_possible_nonresponsive_row,,,
P053_G2,P053,54,2,Iron Man 3: fly,Iron Man 3,Iron Man 3: fly,,pending_human_verification,M_447a6f05e6e4,unverified,,short_query_review_only;explicit_target_title;manual_review_possible_nonresponsive_row,,,
P053_G3,P053,54,3,Iron Man 3: nigga,Iron Man 3,Iron Man 3: nigga,,pending_human_verification,M_447a6f05e6e4,unverified,,short_query_review_only;explicit_target_title;manual_review_possible_nonresponsive_row,,,
P054_G1,P054,55,1,"Once you’ve met someone, you never really forget them.",Spirited Away,"Once you’ve met someone, you never really forget them.",,pending_human_verification,M_c8e063198718,unverified,,,,,
P054_G2,P054,55,2,"A young girl enters a spirit world and tries to save her parents, then she meets a mysterious boy who helps her, and she gradually opens up to him.",Spirited Away,"A young girl enters a spirit world and tries to save her parents, then she meets a mysterious boy who helps her, and she gradually opens up to him.",,pending_human_verification,M_c8e063198718,unverified,,,,,
P054_G3,P054,55,3,"A magical bathhouse glowing with warm lights at night, surrounded by spirits and mist.",Spirited Away,"A magical bathhouse glowing with warm lights at night, surrounded by spirits and mist.",,pending_human_verification,M_c8e063198718,unverified,,,,,
P055_G1,P055,56,1,"After all, tomorrow is another day.",Gone with the Wind,"After all, tomorrow is another day.",,pending_human_verification,M_8ee2c71d9612,unverified,,,,,
P055_G2,P055,56,2,"A strong-willed woman struggles to survive war, loss, and a complicated love.",Gone with the Wind,"A strong-willed woman struggles to survive war, loss, and a complicated love.",,pending_human_verification,M_8ee2c71d9612,unverified,,,,,
P055_G3,P055,56,3,A grand Southern plantation under a dramatic red sunset during the Civil War.,Gone with the Wind,A grand Southern plantation under a dramatic red sunset during the Civil War.,,pending_human_verification,M_8ee2c71d9612,unverified,,,,,
P056_G1,P056,57,1,"Remember who you are, my son.",The Lion King,"Remember who you are, my son.",,pending_human_verification,M_3f5c95a88181,unverified,,,,,
P056_G2,P056,57,2,"A young lion runs away after losing his father, then returns to reclaim his home.",The Lion King,"A young lion runs away after losing his father, then returns to reclaim his home.",,pending_human_verification,M_3f5c95a88181,unverified,,,,,
P056_G3,P056,57,3,A vast African savanna glowing under a golden sunrise.,The Lion King,A vast African savanna glowing under a golden sunrise.,,pending_human_verification,M_3f5c95a88181,unverified,,,,,
P057_G1,P057,58,1,Even the smallest person can change the course of the future.,The Lord of the Rings: The Fellowship of the Ring,Even the smallest person can change the course of the future.,,pending_human_verification,M_68e1909273a1,unverified,,,,,
P057_G2,P057,58,2,A young hobbit begins a dangerous journey to destroy a powerful ring.,The Lord of the Rings: The Fellowship of the Ring,A young hobbit begins a dangerous journey to destroy a powerful ring.,,pending_human_verification,M_68e1909273a1,unverified,,,,,
P057_G3,P057,58,3,A peaceful green village surrounded by rolling hills and cozy underground homes.,The Lord of the Rings: The Fellowship of the Ring,A peaceful green village surrounded by rolling hills and cozy underground homes.,,pending_human_verification,M_68e1909273a1,unverified,,,,,
P058_G1,P058,59,1,We all go a little mad sometimes.,Psycho,We all go a little mad sometimes.,,pending_human_verification,M_24281f3f73ab,unverified,,,,,
P058_G2,P058,59,2,A woman stops at a lonely motel and becomes caught in a disturbing mystery.,Psycho,A woman stops at a lonely motel and becomes caught in a disturbing mystery.,,pending_human_verification,M_24281f3f73ab,unverified,,,,,
P058_G3,P058,59,3,"A dark isolated motel beneath a gloomy sky, with an old house standing on the hill behind it.",Psycho,"A dark isolated motel beneath a gloomy sky, with an old house standing on the hill behind it.",,pending_human_verification,M_24281f3f73ab,unverified,,,,,
P059_G1,P059,60,1,"You mustn’t be afraid to dream a little bigger, darling.",Inception,"You mustn’t be afraid to dream a little bigger, darling.",,pending_human_verification,M_16fdfdc5ebe4,unverified,DUP002,,,,
P059_G2,P059,60,2,A skilled thief enters people’s dreams to plant an idea in someone’s mind.,Inception,A skilled thief enters people’s dreams to plant an idea in someone’s mind.,,pending_human_verification,M_16fdfdc5ebe4,unverified,,,,,
P059_G3,P059,60,3,"A city street bends upward as buildings fold over each other like a giant mirror.
",Inception,A city street bends upward as buildings fold over each other like a giant mirror.,normalize_whitespace,pending_human_verification,M_16fdfdc5ebe4,unverified,,,,,
P060_G1,P060,61,1,"If you run, the beast catches you; if you stay, the beast eats you.",City Of God,"If you run, the beast catches you; if you stay, the beast eats you.",,pending_human_verification,M_32e351738d20,unverified,DUP001,,,,
P060_G2,P060,61,2,A young boy grows up in a violent neighborhood and dreams of escaping through photography.,City Of God,A young boy grows up in a violent neighborhood and dreams of escaping through photography.,,pending_human_verification,M_32e351738d20,unverified,,,,,
P060_G3,P060,61,3,"Narrow streets filled with colorful houses, dusty alleys, and groups of children under the bright Brazilian sun.",City Of God,"Narrow streets filled with colorful houses, dusty alleys, and groups of children under the bright Brazilian sun.",,pending_human_verification,M_32e351738d20,unverified,,,,,
P061_G1,P061,62,1,Nothing has been the same since New York.,Iron Man 3,Nothing has been the same since New York.,,pending_human_verification,M_447a6f05e6e4,unverified,,,,,
P061_G2,P061,62,2,A brilliant inventor faces a dangerous enemy while struggling with fear and anxiety after a major battle.,Iron Man 3,A brilliant inventor faces a dangerous enemy while struggling with fear and anxiety after a major battle.,,pending_human_verification,M_447a6f05e6e4,unverified,,,,,
P061_G3,P061,62,3,"A high-tech workshop filled with glowing armor suits, holographic screens, and metallic machinery.",Iron Man 3,"A high-tech workshop filled with glowing armor suits, holographic screens, and metallic machinery.",,pending_human_verification,M_447a6f05e6e4,unverified,,,,,
